,Mean,Median,5perc,95perc
OutputAnalyse03,2.003723364022464,1.9428011985000002,1.37516317935,2.8341374994
