,Mean,Median,5perc,95perc
OutputAnalyse02,1.9914640722074726,1.9201696744999999,1.30776937935,2.9198613216500005
