,Mean,Median,5perc,95perc
OutputAnalyse30,1.5860317219210485,1.574514,1.13995855,2.0711732499999997
