,Mean,Median,5perc,95perc
OutputAnalyse01,1.427198367203942,1.3838110000000001,0.9390269,2.0625561
