,Mean,Median,5perc,95perc
OutputAnalyse01,1.9543330885832892,1.8538345035,1.1739660589999998,3.0726751457499994
