,Mean,Median,5perc,95perc
OutputNewAnalyse06Linear1750to1900,1.5106666812763279,1.496815,1.1092036,1.9594617500000002
