,Mean,Median,5perc,95perc
OutputAnalyse19NewPrior_W_cpi_2,1.5365574129210535,1.521664,1.1243091,1.9956313
