,Mean,Median,5perc,95perc
OutputNewAnalyse07Weaker1900to1950,1.5349935181184067,1.520556,1.1245205,1.9912124000000002
