,Mean,Median,5perc,95perc
OutputAnalyse33LinredSmoothbase1950to2000Flat,1.6928817998815764,1.6648135,1.15007995,2.3291548
