,Mean,Median,5perc,95perc
OutputAnalyse24LinredSmoothbase1950to1990,1.6039886613421037,1.5893264999999999,1.1685221,2.0892185500000005
