,Mean,Median,5perc,95perc
OutputNewAnalyse10Stronger1950to1980,1.451447424684196,1.4409695,1.0677105500000001,1.86519075
