,Mean,Median,5perc,95perc
OutputNewAnalyse08Stronger1900to1950,1.5076042159736869,1.495385,1.1135209,1.9422512
