,Mean,Median,5perc,95perc
OutputAnalyse25LinredSmoothbase1950to2000,1.6400746783947324,1.619258,1.16388395,2.1863362000000004
