,Mean,Median,5perc,95perc
OutputNewAnalyse12StrongerWeaker1980to2019,1.4520295705131632,1.4417385,1.0921309000000001,1.8453320500000003
