,Mean,Median,5perc,95perc
OutputAnalyse02,1.447152467789469,1.4128275000000001,1.0205757,1.9918571
