,Mean,Median,5perc,95perc
OutputAnalyse03,1.512066885144739,1.4844089999999999,1.1008091500000001,2.0182659
