,Mean,Median,5perc,95perc
OutputAnalyse29,1.5718758881447357,1.5598085,1.13765425,2.0409177000000005
