,Mean,Median,5perc,95perc
OutputAnalyse27LinredSmoothbase1950to2019,1.5275500770263055,1.5102799999999998,1.0890697,2.0243841
