,Mean,Median,5perc,95perc
OutputNewAnalyse09Weaker1950to1980,1.5808066072631461,1.5622120000000002,1.13840185,2.0888035499999997
