,Mean,Median,5perc,95perc
OutputAnalyse32LinredSmoothbase1950to1990Flat,1.6739100116052545,1.6523885,1.1522847,2.25902
