,Mean,Median,5perc,95perc
OutputAnalyse28,1.5741870070263047,1.560704,1.14142345,2.05556155
