,Mean,Median,5perc,95perc
OutputNewAnalyse05Smooth,1.5594091101973726,1.543189,1.14982655,2.01697535
