,Mean,Median,5perc,95perc
OutputNewAnalyse13Stronger1980to2019,1.562047754460528,1.544841,1.1280332,2.0518384
