,Mean,Median,5perc,95perc
OutputAnalyse34,1.57977442164475,1.5498435000000002,1.08773415,2.1752724000000008
