,Mean,Median,5perc,95perc
OutputAnalyse26LinredSmoothbase1950to2010,1.6330571990000096,1.6127465,1.14340665,2.19064505
