,Mean,Median,5perc,95perc
OutputAnalyse04,1.537183378039471,1.5154775,1.13526705,2.0176389500000003
