,Mean,Median,5perc,95perc
OutputAnalyse31LinredSmoothbase1950to1980Flat,1.6528464360657942,1.635103,1.17320395,2.18571255
