,Mean,Median,5perc,95perc
OutputNewAnalyse15LinWeaker2014to2019,1.5066694079078866,1.494767,1.1211764000000002,1.9348536000000003
