,Mean,Median,5perc,95perc
OutputAnalyse25LinredSmoothbase1950to2000,2.3415972010242516,2.278977080492157,1.565800421687742,3.3275032428201525
