,Mean,Median,5perc,95perc
OutputAnalyse24LinredSmoothbase1950to1990,2.2533707744738396,2.210094231591462,1.5603886125651205,3.0880134683935156
