,Mean,Median,5perc,95perc
OutputAnalyse28,2.1889400484844463,2.154287091796411,1.5241599051194692,2.978186552614751
