,Mean,Median,5perc,95perc
OutputAnalyse04,2.023023880117054,1.9792308234178244,1.4341825341490497,2.761966447865541
