,Mean,Median,5perc,95perc
OutputNewAnalyse09Weaker1950to1980,2.219251575626782,2.170154850668757,1.519624444946665,3.0936358620886497
