,Mean,Median,5perc,95perc
OutputAnalyse29,2.1880275307612345,2.159101532425561,1.5290585482636914,2.9412258200167667
