,Mean,Median,5perc,95perc
OutputAnalyse27LinredSmoothbase1950to2019,2.108165151491319,2.0667177971140958,1.4420241660535624,2.9135624253635717
