,Mean,Median,5perc,95perc
OutputNewAnalyse08Stronger1900to1950,2.0680627077437417,2.0372522245443454,1.4740394199378282,2.766076509433827
