,Mean,Median,5perc,95perc
OutputNewAnalyse06Linear1750to1900,2.095280193273732,2.0605110377331695,1.4817775215530575,2.8294588969370955
