,Mean,Median,5perc,95perc
OutputNewAnalyse10Stronger1950to1980,1.9657416748599594,1.9415554501234644,1.4121360305538895,2.5955727894514116
