,Mean,Median,5perc,95perc
OutputAnalyse03,1.993392737999483,1.9396169110626058,1.3787281308646804,2.7909906996841283
