,Mean,Median,5perc,95perc
OutputAnalyse33LinredSmoothbase1950to2000Flat,2.456258960917891,2.3644883490243567,1.5432428917390355,3.6497831698375527
