,Mean,Median,5perc,95perc
OutputNewAnalyse12StrongerWeaker1980to2019,1.9527202485898696,1.9286893957363842,1.4360891647152345,2.5518901049435345
