,Mean,Median,5perc,95perc
OutputAnalyse26LinredSmoothbase1950to2010,2.3341734916590964,2.268809606171989,1.5378196893133973,3.355362014751522
