,Mean,Median,5perc,95perc
OutputAnalyse30,2.2247617531128676,2.1974642420911046,1.5498282800786687,2.9960587685044886
