,Mean,Median,5perc,95perc
OutputNewAnalyse07Weaker1900to1950,2.1220898823908794,2.0860619799893145,1.496310472745319,2.868073456279761
