,Mean,Median,5perc,95perc
OutputAnalyse32LinredSmoothbase1950to1990Flat,2.408759217453573,2.3422256152281253,1.5536545614842938,3.496245786234548
