,Mean,Median,5perc,95perc
OutputNewAnalyse13Stronger1980to2019,2.1830710170765255,2.1389843173823877,1.5042810663310573,3.004701583861793
