,Mean,Median,5perc,95perc
OutputNewAnalyse15LinWeaker2014to2019,2.06206144847556,2.0342269017371137,1.488560773420267,2.731699261417911
