,Mean,Median,5perc,95perc
OutputNewAnalyse05Smooth,2.1605238875077193,2.1223787138834256,1.5332063199697252,2.902517439278854
