,Mean,Median,5perc,95perc
OutputAnalyse31LinredSmoothbase1950to1980Flat,2.34526198916141,2.293819719120717,1.5773331985447758,3.2879375566865967
