,Mean,Median,5perc,95perc
OutputAnalyse34,2.249804751694075,2.171586534465611,1.4435442269860814,3.323307584328157
