,Mean,Median,5perc,95perc
OutputAnalyse19NewPrior_W_cpi_2,2.1232569320383026,2.0871090334160125,1.4966037483687373,2.873519538884473
