,Mean,Median,5perc,95perc
OutputAnalyse19NewPrior_W_cpi_2,2.5621889153816935,2.486278473706681,1.6946768063327389,3.6804319833369825
