,Mean,Median,5perc,95perc
OutputAnalyse19NewPrior_W_cpi_2,2.9843634993427126,2.8494771802115704,1.8565581076608555,4.539417273720065
