,Mean,Median,5perc,95perc
OutputAnalyse19NewPrior_W_cpi_2,6.362579373277399,4.464774585844992,2.409938688795506,10.910634664090013
