,Mean,Median,5perc,95perc
OutputAnalyse19NewPrior_W_cpi_2,2.250887222582971,2.2050007715442996,1.5578255169527764,3.098044285863592
